{"cameraMode":{"drawMode":0,"name":"Shaded","section":"Shading Mode"},"sceneLighting":true,"audioPlay":false,"sceneViewState":{"showFog":true,"showMaterialUpdate":false,"showSkybox":true,"showFlares":true,"showImageEffects":true,"showParticleSystems":true},"in2DMode":false,"pivot":{"x":-2.057516098022461,"y":5.589016914367676,"z":-5.678289890289307},"rotation":{"x":0.4954358637332916,"y":0.31225526332855227,"z":-0.19673627614974976,"w":0.7863680720329285},"size":16.89708709716797,"orthographic":false}